"Commodity","Min","First_quartile","Median","Mean","Third_quartile","Max","Variance","Std"
"Maize",-95044101.23,0,0,15488039.7001741,32498370.749,197695650.89,1729259980825200,41584371.8339619
"Oats",-129662269.6,0,0,4068794.40017155,0,112440467.65,1332745603916480,36506788.4634691
"Rice",-255478172.1,0,39305174.3325,181970943.480258,245870156.365,1611170946.6,120454823640756640,347066022.019956
"Sugar",-70030476.87,4385990.166625,40132438.939,80022320.7465227,120259974.315,544782532.14,10334591274283860,101659191.78453
"Soybeans",-154959191.9,0,0,151447201.443082,0,2643435777.2,292329059537733696,540674633.710269
"Beef and veal",-1250069465,0,133228204.57,718620880.245979,1143431982.95,4757967150.6,1260134972204581120,1122557335.82057
"Coffee",-614411784.2,0,0,-24364053.4341563,0,305449271.27,14688642252592386,121196708.918157
