"Commodity","Min","First_quartile","Median","Mean","Third_quartile","Max","Variance","Std"
"Wheat",380000,2982750,8674101,32619161.7086469,31890688.49075,205829140.56,2697195673471538,51934532.5719943
"Maize",178607.09096,4832170.8283,9191025.608,54323494.9529379,37001333.348,446277402.99,10916587519013274,104482474.697976
"Oats",18123,401215,1039800,3275833.93985967,5506272.815,16101475.877,15349427527293.8,3917834.5456762
"Rice",213673.6,1200212.6873,7391713.2813,24986530.2526487,28690729.55325,150578000,1376090041120916,37095687.6351001
"Sugar",190299.25659,1544360.145375,2649864.1,31529450.7826392,15689165.11525,473901486.14,8070421101715036,89835522.4936942
"Soybeans",10639.739944,2409983.9164,9195107.7287,24180217.9867653,43725000,117180000,852561067640309,29198648.3872166
"Beef and veal",3183,214782.5,656063.44425,2754171.0705604,1804899.2695,28445899.942,30934396395851.5,5561869.865059
"Coffee",6363.2392,61167.5,151009.1235,288354.531581348,271885.118,1392000,145704491962.343,381712.577684234
