"Commodity","Min","First_quartile","Median","Mean","Third_quartile","Max","Variance","Std"
"Wheat",380,2982.75,8674.101,32619.1617086469,31890.68849075,205829.14056,2697195673.47154,51934.5325719943
"Maize",178.60709096,4832.1708283,9191.025608,54323.4949529379,37001.333348,446277.40299,10916587519.0133,104482.474697976
"Oats",18.123,401.215,1039.8,3275.83393985967,5506.272815,16101.475877,15349427.5272938,3917.8345456762
"Rice",213.6736,1200.2126873,7391.7132813,24986.5302526487,28690.72955325,150578,1376090041.12092,37095.6876351001
"Sugar",190.29925659,1544.360145375,2649.8641,31529.4507826392,15689.16511525,473901.48614,8070421101.71504,89835.5224936942
"Soybeans",10.639739944,2409.9839164,9195.1077287,24180.2179867653,43725,117180,852561067.640309,29198.6483872166
"Beef and veal",3.183,214.7825,656.06344425,2754.1710705604,1804.8992695,28445.899942,30934396.3958515,5561.869865059
"Coffee",6.3632392,61.1675,151.0091235,288.354531581348,271.885118,1392,145704.491962343,381.712577684234
