"Commodity","Min","First_quartile","Median","Mean","Third_quartile","Max","Variance","Std"
"Wheat",63337803.01,143912801.3325,187779245.65,206020121.613293,252704447.55,541587385.08,7740042180810493,87977509.5169811
"Maize",35857018.765,121819531,161899331.415,171740076.836491,218563420.8075,341905267.58,4439474403026878,66629380.9293384
"Oats",52472107.347,109244120.18,149816073.465,158534371.897259,200294532.165,284000112.38,3579063329358188,59825273.3329166
"Rice",123227046.48,215660385.6775,302767150.86,475424476.493708,484591855.0725,2127803981.3,195819766977049920,442515273.156814
"Sugar",10468888.222,191747544.655,337113527.095,331331025.826802,477243957.93,819141190.84,37880524006382528,194629196.181823
"Soybeans",113134756.59,271941255.4475,347844552.62,555007543.919688,496049983.91,3115373795.8,340321239491536704,583370585.041393
"Beef and veal",430005864.62,2170750080.45,2905042287.1,3684710236.09895,4534978694.825,13622729241,5476144094598532096,2340116256.64165
"Coffee",543374520.03,1237150546.625,1488243281.9,1737866350.68688,2103754717.275,4433952345.3,566884266026406784,752917170.760773
