"Commodity","Min","First_quartile","Median","Mean","Third_quartile","Max","Variance","Std"
"Wheat",63.33780301,143.9128013325,187.77924565,206.020121613293,252.70444755,541.58738508,7740.04218081049,87.9775095169811
"Maize",35.857018765,121.819531,161.899331415,171.740076836491,218.5634208075,341.90526758,4439.47440302688,66.6293809293384
"Oats",52.472107347,109.24412018,149.816073465,158.534371897259,200.294532165,284.00011238,3579.06332935819,59.8252733329166
"Rice",123.22704648,215.6603856775,302.76715086,475.424476493708,484.5918550725,2127.8039813,195819.76697705,442.515273156814
"Sugar",10.468888222,191.747544655,337.113527095,331.331025826802,477.24395793,819.14119084,37880.5240063825,194.629196181823
"Soybeans",113.13475659,271.9412554475,347.84455262,555.007543919687,496.04998391,3115.3737958,340321.239491537,583.370585041393
"Beef and veal",430.00586462,2170.75008045,2905.0422871,3684.71023609894,4534.978694825,13622.729241,5476144.09459853,2340.11625664165
"Coffee",543.37452003,1237.150546625,1488.2432819,1737.86635068687,2103.754717275,4433.9523453,566884.266026407,752.917170760773
