"Commodity","Min","First_quartile","Median","Mean","Third_quartile","Max","Variance","Std"
"Wheat",63.33780301,143.51259969,186.90978391,203.448884214127,243.8832540775,541.58738508,7556.66727672435,86.9290933849212
"Maize",35.857018765,120.731864125,161.40892056,171.035220580932,216.9587792875,341.90526758,4448.92276871291,66.7002456420732
"Oats",52.472107347,109.24412018,149.816073465,158.534371897259,200.294532165,284.00011238,3579.06332935819,59.8252733329166
"Rice",123.22704648,211.26212826,302.76715086,475.105881990083,484.5918550725,2127.8039813,195988.134757903,442.705471795756
"Sugar",10.468888222,191.747544655,343.771722325,334.704588280925,479.1108854975,819.15966215,37950.221792381,194.80816664704
"Soybeans",113.13475659,270.9684862725,347.164502755,412.17290821625,483.2732056625,1323.3980616,57249.3015594751,239.268262750151
"Beef and veal",430.00586462,2170.75008045,2905.0422871,3684.71023609894,4534.978694825,13622.729241,5476144.09459853,2340.11625664165
"Coffee",543.37452003,1237.150546625,1488.2432819,1737.86635068687,2103.754717275,4433.9523453,566884.266026407,752.917170760773
