"Commodity","Min","First_quartile","Median","Mean","Third_quartile","Max","Variance","Std"
"Wheat",63337803.01,143512599.69,186909783.91,203448884.214127,243883254.0775,541587385.08,7556667276724353,86929093.3849212
"Maize",35857018.765,120731864.125,161408920.56,171035220.580932,216958779.2875,341905267.58,4448922768712905,66700245.6420732
"Oats",52472107.347,109244120.18,149816073.465,158534371.897259,200294532.165,284000112.38,3579063329358188,59825273.3329166
"Rice",123227046.48,211262128.26,302767150.86,475105881.990083,484591855.0725,2127803981.3,195988134757902592,442705471.795756
"Sugar",10468888.222,191747544.655,343771722.325,334704588.280925,479110885.4975,819159662.15,37950221792380960,194808166.64704
"Soybeans",113134756.59,270968486.2725,347164502.755,412172908.21625,483273205.6625,1323398061.6,57249301559475056,239268262.750151
"Beef and veal",430005864.62,2170750080.45,2905042287.1,3684710236.09895,4534978694.825,13622729241,5476144094598532096,2340116256.64165
"Coffee",543374520.03,1237150546.625,1488243281.9,1737866350.68688,2103754717.275,4433952345.3,566884266026406784,752917170.760773
