"Commodity","Min","First_quartile","Median","Mean","Third_quartile","Max","Variance","Std"
"Wheat",65,1217.165905,14512.7595,41050.5798374555,52996.15988625,287491.10988,4109409021.53302,64104.6723845698
"Maize",113,3740.325,12000.063,60332.0913675153,36858.251,483663.97616,13129798499.8882,114585.332830551
"Oats",18.118,421.115,1676.3202831,3845.18509074621,5551.744125,15613.891566,18312093.0517268,4279.26314354782
"Rice",18,1075.439274275,8703,26633.2289119739,31202.407938,144619.68,1612127143.43225,40151.3031349201
"Sugar",171,1562.84598215,2735,43376.6866115738,18643.27225,722495.503,18587585598.2495,136336.29596791
"Soybeans",15.136019245,237.5,5221.15,28177.5313729462,52517.5345,130736.13137,1598399998.97545,39979.9949846851
"Beef and veal",3.372,205.54435399,676.1869835,2953.1731310045,2580.641794675,31318.934845,33904378.2113183,5822.74662090995
"Coffee",77.981494591,263.4635,754.69475452,1014.99457966452,1129.532793275,3990,915655.671659158,956.898987176367
