"Commodity","Min","First_quartile","Median","Mean","Third_quartile","Max","Variance","Std"
"Wheat",65000,1217165.905,14512759.5,41050579.8374555,52996159.88625,287491109.88,4109409021533021,64104672.3845698
"Maize",113000,3740325,12000063,60332091.3675153,36858251,483663976.16,13129798499888164,114585332.830551
"Oats",18118,421115,1676320.2831,3845185.09074621,5551744.125,15613891.566,18312093051726.8,4279263.14354782
"Rice",18000,1075439.274275,8703000,26633228.9119739,31202407.938,144619680,1612127143432248,40151303.1349201
"Sugar",171000,1562845.98215,2735000,43376686.6115738,18643272.25,722495503,18587585598249544,136336295.96791
"Soybeans",15136.019245,237500,5221150,28177531.3729462,52517534.5,130736131.37,1598399998975446,39979994.9846851
"Beef and veal",3372,205544.35399,676186.9835,2953173.1310045,2580641.794675,31318934.845,33904378211318.3,5822746.62090995
"Coffee",77981.494591,263463.5,754694.75452,1014994.57966452,1129532.793275,3990000,915655671659.158,956898.987176367
