"Time","Statistic_U","p_value"
2005,1362,0.424037758548234
2006,1384,0.280329275319223
2007,1302,0.508073620245727
2008,1408,0.446708453645083
2009,1494,0.220537343258547
2010,1548,0.138130561021997
2011,1433,0.516525232300984
2012,1470,0.41757148227171
2013,1534,0.220938414078456
2014,1420,0.459117135656423
2015,1540,0.233917064178678
2016,1499,0.476299360847475
2017,1734,0.161004544192233
2018,1717,0.153866060365775
2019,1678,0.286634845713619
2020,1653,0.359951323940996
